<?xml version="1.0" encoding="UTF-8"?>
<!DOCTYPE mapper
  PUBLIC "-//mybatis.org//DTD Mapper 3.0//EN"
  "http://mybatis.org/dtd/mybatis-3-mapper.dtd">

<mapper namespace="atm.paradigms">

    <select id="mysqlVersion" resultType="String">
        SELECT VERSION()
    </select>

    <select id = "getBook" resultType = "atm.paradigms.model.Book">
        SELECT * FROM MyBooks
        <where>
            <if test = "_parameter != null">
                Id = #{id}
            </if>
        </where>
    </select>

</mapper>
